{"cameraMode":{"drawMode":0,"name":"Shaded","section":"Shading Mode"},"sceneLighting":true,"audioPlay":false,"sceneViewState":{"m_AlwaysRefresh":false,"showFog":true,"showSkybox":true,"showFlares":true,"showImageEffects":true,"showParticleSystems":true,"showVisualEffectGraphs":true,"m_FxEnabled":true},"in2DMode":false,"pivot":{"x":5.654491424560547,"y":-1.440645694732666,"z":-11.428754806518555},"rotation":{"x":-0.0022470802068710329,"y":0.992944061756134,"z":-0.11701921373605728,"w":-0.019065264612436296},"size":10.568735122680664,"orthographic":false}