{"cameraMode":{"drawMode":0,"name":"Shaded","section":"Shading Mode"},"sceneLighting":false,"audioPlay":false,"sceneViewState":{"m_AlwaysRefresh":false,"showFog":true,"showSkybox":false,"showFlares":true,"showImageEffects":true,"showParticleSystems":true,"showVisualEffectGraphs":true,"m_FxEnabled":true},"in2DMode":false,"pivot":{"x":0.00006461143493652344,"y":0.29640719294548037,"z":-2.384185791015625e-7},"rotation":{"x":0.21331945061683656,"y":0.4869723916053772,"z":-0.12398853152990341,"w":0.8378478288650513},"size":0.38767963647842409,"orthographic":false}